timestamp,unit_id,unit_type,empire_or_resistance,location_x,location_y,destination_x,destination_y,homeworld
2024-07-10 12:37:59,1,at-at,empire,8,6,2,10,Iridonia
2024-07-10 12:37:58,2,at-at,empire,5,3,4,5,Troiken
2024-07-10 12:37:57,3,unknown,resistance,3,7,3,5,Serenno
2024-07-10 12:37:56,4,tie_silencer,resistance,9,1,3,1,Tatooine
2024-07-10 12:37:55,5,at-st,empire,10,8,2,5,Tholoth
2024-07-10 12:37:54,6,tie_silencer,resistance,1,1,8,10,Ryloth
2024-07-10 12:37:53,7,stormtrooper,resistance,4,8,1,3,Mon Cala
2024-07-10 12:37:52,8,x-wing,empire,9,5,2,10,Zolan
2024-07-10 12:37:51,9,at-st,empire,8,5,6,4,Haruun Kal
2024-07-10 12:37:50,10,at-st,resistance,3,3,2,7,Zolan
2024-07-10 12:37:49,11,at-at,empire,1,2,6,10,Aleen Minor
2024-07-10 12:37:48,12,at-st,empire,8,2,6,4,Socorro
2024-07-10 12:37:47,13,tie_fighter,resistance,8,9,8,8,Sullust
2024-07-10 12:37:46,14,at-at,resistance,7,4,2,4,Naboo
2024-07-10 12:37:45,15,at-at,resistance,4,7,5,9,Toydaria
2024-07-10 12:37:44,16,at-st,resistance,4,2,1,6,Eriadu
2024-07-10 12:37:43,17,resistance_soldier,empire,8,3,8,3,Chandrila
2024-07-10 12:37:42,18,tie_fighter,empire,8,8,5,7,Socorro
2024-07-10 12:37:41,19,x-wing,empire,3,4,2,1,Muunilinst
2024-07-10 12:37:40,20,tie_fighter,resistance,5,3,8,1,Socorro
2024-07-10 12:37:39,21,unknown,empire,1,6,1,3,Iktotch
2024-07-10 12:37:38,22,at-st,empire,1,7,9,10,Mirial
2024-07-10 12:37:37,23,x-wing,empire,1,6,6,3,Skako
2024-07-10 12:37:36,24,tie_silencer,resistance,3,10,6,4,Ryloth
2024-07-10 12:37:35,25,stormtrooper,empire,2,2,10,2,Socorro
2024-07-10 12:37:34,26,resistance_soldier,resistance,7,3,5,3,Tatooine
2024-07-10 12:37:33,27,at-st,resistance,2,10,5,6,Corellia
2024-07-10 12:37:32,28,unknown,empire,2,9,1,1,Toydaria
2024-07-10 12:37:31,29,tie_silencer,resistance,8,1,7,9,Dagobah
2024-07-10 12:37:30,30,tie_silencer,empire,1,7,10,8,Mirial
2024-07-10 12:37:29,31,tie_silencer,resistance,10,3,2,10,Tatooine
2024-07-10 12:37:28,32,at-st,empire,2,3,2,7,Dorin
2024-07-10 12:37:27,33,unknown,resistance,1,5,8,9,Mon Cala
2024-07-10 12:37:26,34,at-st,resistance,10,6,8,7,Naboo
2024-07-10 12:37:25,35,x-wing,empire,4,4,10,4,Eriadu
2024-07-10 12:37:24,36,at-st,resistance,1,4,1,9,Troiken
2024-07-10 12:37:23,37,at-at,resistance,5,2,7,2,Ryloth
2024-07-10 12:37:22,38,at-st,resistance,10,1,10,10,Muunilinst
2024-07-10 12:37:21,39,unknown,resistance,1,6,2,5,Trandosha
2024-07-10 12:37:20,40,resistance_soldier,resistance,3,5,6,7,Naboo
2024-07-10 12:37:19,41,tie_silencer,empire,7,9,8,6,Troiken
2024-07-10 12:37:18,42,at-at,resistance,5,10,2,4,Mon Cala
2024-07-10 12:37:17,43,at-at,resistance,5,8,8,3,Tholoth
2024-07-10 12:37:16,44,at-st,empire,8,7,3,3,Cerea
2024-07-10 12:37:15,45,at-at,empire,3,6,6,9,Tatooine
2024-07-10 12:37:14,46,at-st,empire,4,9,9,5,Haruun Kal
2024-07-10 12:37:13,47,x-wing,empire,3,6,1,5,Tund
2024-07-10 12:37:12,48,at-st,empire,9,3,1,10,Skako
2024-07-10 12:37:11,49,stormtrooper,empire,4,8,9,3,Umbara
2024-07-10 12:37:10,50,unknown,empire,1,8,5,7,Kalee
2024-07-10 12:37:09,51,resistance_soldier,empire,7,5,5,9,Ojom
2024-07-10 12:37:08,52,unknown,empire,4,8,1,10,Iktotch
2024-07-10 12:37:07,53,tie_fighter,empire,5,10,8,3,Serenno
2024-07-10 12:37:06,54,unknown,empire,10,7,8,5,Quermia
2024-07-10 12:37:05,55,x-wing,resistance,2,2,6,8,Chandrila
2024-07-10 12:37:04,56,at-at,empire,5,7,10,7,Rodia
2024-07-10 12:37:03,57,resistance_soldier,empire,6,6,8,1,Bestine IV
2024-07-10 12:37:02,58,at-st,resistance,4,6,4,10,Iktotch
2024-07-10 12:37:01,59,at-at,resistance,1,6,7,4,Cerea
2024-07-10 12:37:00,60,stormtrooper,resistance,1,1,8,5,Mirial
2024-07-10 12:36:59,61,stormtrooper,resistance,4,4,6,3,Mirial
2024-07-10 12:36:58,62,tie_silencer,empire,7,3,5,5,Toydaria
2024-07-10 12:36:57,63,resistance_soldier,resistance,9,7,3,3,Quermia
2024-07-10 12:36:56,64,stormtrooper,resistance,6,6,5,2,Ojom
2024-07-10 12:36:55,65,at-st,empire,2,3,2,9,Champala
2024-07-10 12:36:54,66,unknown,resistance,8,5,1,7,Iktotch
2024-07-10 12:36:53,67,stormtrooper,resistance,7,5,10,4,Tatooine
2024-07-10 12:36:52,68,unknown,empire,6,6,10,4,Sullust
2024-07-10 12:36:51,69,at-st,empire,6,5,1,2,Haruun Kal
2024-07-10 12:36:50,70,at-st,empire,2,6,1,9,Trandosha
2024-07-10 12:36:49,71,at-st,empire,8,10,10,2,Tund
2024-07-10 12:36:48,72,resistance_soldier,empire,7,9,8,5,Umbara
2024-07-10 12:36:47,73,resistance_soldier,resistance,8,1,1,8,Kashyyyk
2024-07-10 12:36:46,74,stormtrooper,resistance,3,8,4,5,Zolan
2024-07-10 12:36:45,75,at-st,resistance,3,9,6,3,Eriadu
2024-07-10 12:36:44,76,at-st,resistance,10,1,6,6,Kalee
2024-07-10 12:36:43,77,tie_silencer,resistance,8,10,7,6,Aleen Minor
2024-07-10 12:36:42,78,unknown,resistance,8,2,6,5,Muunilinst
2024-07-10 12:36:41,79,stormtrooper,empire,10,10,7,6,Chandrila
2024-07-10 12:36:40,80,resistance_soldier,empire,6,10,9,9,Tund
2024-07-10 12:36:39,81,at-st,empire,4,8,3,1,Iridonia
2024-07-10 12:36:38,82,tie_silencer,resistance,6,4,5,8,Troiken
2024-07-10 12:36:37,83,at-st,empire,3,3,6,7,Skako
2024-07-10 12:36:36,84,tie_silencer,empire,9,10,3,4,Dathomir
2024-07-10 12:36:35,85,stormtrooper,resistance,4,6,8,9,Toydaria
2024-07-10 12:36:34,86,x-wing,resistance,2,7,2,3,Eriadu
2024-07-10 12:36:33,87,stormtrooper,resistance,3,5,7,9,Haruun Kal
2024-07-10 12:36:32,88,at-at,empire,3,6,8,8,Naboo
2024-07-10 12:36:31,89,tie_fighter,resistance,10,9,6,8,Stewjon
2024-07-10 12:36:30,90,at-st,empire,5,3,4,8,Naboo
2024-07-10 12:36:29,91,tie_fighter,empire,7,3,9,9,Skako
2024-07-10 12:36:28,92,unknown,empire,7,6,3,10,Serenno
2024-07-10 12:36:27,93,x-wing,resistance,10,5,1,2,Malastare
2024-07-10 12:36:26,94,x-wing,empire,5,1,10,3,Champala
2024-07-10 12:36:25,95,stormtrooper,resistance,9,2,8,4,Mirial
2024-07-10 12:36:24,96,at-at,resistance,6,4,1,5,Umbara
2024-07-10 12:36:23,97,at-st,resistance,3,2,4,8,Serenno
2024-07-10 12:36:22,98,stormtrooper,empire,10,7,4,5,Troiken
2024-07-10 12:36:21,99,x-wing,empire,6,2,2,1,Quermia
2024-07-10 12:36:20,100,stormtrooper,empire,7,6,10,7,Champala
2024-07-10 12:36:19,101,unknown,empire,6,4,2,6,Trandosha
2024-07-10 12:36:18,102,resistance_soldier,empire,7,7,4,2,Quermia
2024-07-10 12:36:17,103,resistance_soldier,empire,1,8,7,9,Naboo
2024-07-10 12:36:16,104,tie_silencer,resistance,9,6,7,9,Eriadu
2024-07-10 12:36:15,105,stormtrooper,resistance,10,7,9,10,Iridonia
2024-07-10 12:36:14,106,resistance_soldier,empire,5,3,2,10,Tund
2024-07-10 12:36:13,107,x-wing,resistance,10,5,10,3,Malastare
2024-07-10 12:36:12,108,at-st,resistance,8,10,10,6,Toydaria
2024-07-10 12:36:11,109,resistance_soldier,empire,4,7,4,3,Chandrila
2024-07-10 12:36:10,110,at-at,resistance,2,8,10,7,Zolan
2024-07-10 12:36:09,111,tie_silencer,empire,9,9,1,10,Toydaria
2024-07-10 12:36:08,112,tie_fighter,resistance,4,5,1,3,Iktotch
2024-07-10 12:36:07,113,resistance_soldier,resistance,4,1,5,9,Ojom
2024-07-10 12:36:06,114,tie_fighter,resistance,7,4,2,9,Aleen Minor
2024-07-10 12:36:05,115,unknown,empire,1,7,2,9,Tatooine
2024-07-10 12:36:04,116,tie_fighter,empire,5,1,1,6,Concord Dawn
2024-07-10 12:36:03,117,tie_fighter,empire,1,3,3,6,Haruun Kal
2024-07-10 12:36:02,118,stormtrooper,empire,3,2,2,7,Kashyyyk
2024-07-10 12:36:01,119,at-st,resistance,6,8,8,3,Stewjon
2024-07-10 12:36:00,120,tie_silencer,empire,10,7,5,2,Socorro
2024-07-10 12:35:59,121,unknown,empire,8,5,1,8,Bestine IV
2024-07-10 12:35:58,122,resistance_soldier,empire,4,3,10,3,Iridonia
2024-07-10 12:35:57,123,tie_fighter,empire,1,7,10,5,Troiken
2024-07-10 12:35:56,124,tie_silencer,empire,1,7,6,3,Iridonia
2024-07-10 12:35:55,125,unknown,empire,8,6,5,5,Quermia
2024-07-10 12:35:54,126,tie_fighter,resistance,9,4,1,7,Trandosha
2024-07-10 12:35:53,127,stormtrooper,empire,8,9,4,10,Bestine IV
2024-07-10 12:35:52,128,tie_fighter,resistance,4,8,1,9,Serenno
2024-07-10 12:35:51,129,at-at,resistance,4,4,2,6,Tatooine
2024-07-10 12:35:50,130,stormtrooper,empire,2,4,7,8,Dathomir
2024-07-10 12:35:49,131,unknown,resistance,5,2,6,5,Tholoth
2024-07-10 12:35:48,132,resistance_soldier,resistance,9,4,3,10,Kashyyyk
2024-07-10 12:35:47,133,resistance_soldier,resistance,8,2,1,7,Mirial
2024-07-10 12:35:46,134,tie_fighter,resistance,3,3,6,1,Quermia
2024-07-10 12:35:45,135,resistance_soldier,empire,9,9,5,9,Rodia
2024-07-10 12:35:44,136,tie_fighter,resistance,9,7,6,1,Dorin
2024-07-10 12:35:43,137,stormtrooper,empire,10,4,10,9,Bestine IV
2024-07-10 12:35:42,138,x-wing,resistance,5,10,2,4,Kashyyyk
2024-07-10 12:35:41,139,at-st,empire,6,2,4,7,Troiken
2024-07-10 12:35:40,140,x-wing,empire,4,8,7,3,Tholoth
2024-07-10 12:35:39,141,tie_fighter,empire,3,6,4,3,Ryloth
2024-07-10 12:35:38,142,at-at,resistance,1,3,10,10,Alderaan
2024-07-10 12:35:37,143,x-wing,empire,4,7,5,4,Bestine IV
2024-07-10 12:35:36,144,x-wing,empire,3,3,7,4,Rodia
2024-07-10 12:35:35,145,resistance_soldier,empire,1,6,6,5,Concord Dawn
2024-07-10 12:35:34,146,tie_silencer,resistance,9,1,6,6,Tholoth
2024-07-10 12:35:33,147,x-wing,empire,10,1,7,9,Shili
2024-07-10 12:35:32,148,unknown,empire,8,3,8,6,Troiken
2024-07-10 12:35:31,149,at-st,resistance,9,2,5,4,Stewjon
2024-07-10 12:35:30,150,x-wing,resistance,3,1,6,10,Mirial
2024-07-10 12:35:29,151,stormtrooper,empire,9,6,2,3,Dorin
2024-07-10 12:35:28,152,stormtrooper,empire,7,8,8,6,Quermia
2024-07-10 12:35:27,153,resistance_soldier,empire,9,10,10,1,Mirial
2024-07-10 12:35:26,154,at-at,resistance,5,1,4,6,Mon Cala
2024-07-10 12:35:25,155,unknown,empire,3,5,10,10,Glee Anselm
2024-07-10 12:35:24,156,tie_silencer,resistance,4,10,9,9,Vulpter
2024-07-10 12:35:23,157,x-wing,resistance,1,10,3,3,Bestine IV
2024-07-10 12:35:22,158,stormtrooper,empire,6,4,4,7,Ojom
2024-07-10 12:35:21,159,at-at,resistance,5,8,8,2,Champala
2024-07-10 12:35:20,160,at-st,empire,5,1,5,10,Naboo
2024-07-10 12:35:19,161,tie_silencer,resistance,3,9,2,10,Tund
2024-07-10 12:35:18,162,resistance_soldier,resistance,5,10,5,10,Sullust
2024-07-10 12:35:17,163,tie_silencer,empire,3,5,9,5,Dagobah
2024-07-10 12:35:16,164,stormtrooper,resistance,2,9,5,3,Rodia
2024-07-10 12:35:15,165,tie_silencer,empire,4,2,6,1,Ojom
2024-07-10 12:35:14,166,tie_fighter,resistance,3,3,10,5,Umbara
2024-07-10 12:35:13,167,resistance_soldier,resistance,3,8,10,4,Socorro
2024-07-10 12:35:12,168,tie_silencer,resistance,5,10,8,3,Bestine IV
2024-07-10 12:35:11,169,stormtrooper,resistance,8,1,1,9,Umbara
2024-07-10 12:35:10,170,at-at,empire,9,7,10,8,Tholoth
2024-07-10 12:35:09,171,unknown,empire,6,2,4,9,Skako
2024-07-10 12:35:08,172,stormtrooper,resistance,4,10,4,4,Dagobah
2024-07-10 12:35:07,173,stormtrooper,empire,4,3,10,8,Muunilinst
2024-07-10 12:35:06,174,tie_silencer,resistance,9,2,1,2,Alderaan
2024-07-10 12:35:05,175,at-st,resistance,2,10,7,1,Kashyyyk
2024-07-10 12:35:04,176,tie_fighter,resistance,2,3,8,7,Troiken
2024-07-10 12:35:03,177,resistance_soldier,empire,1,2,10,6,Mon Cala
2024-07-10 12:35:02,178,x-wing,resistance,8,3,5,1,Concord Dawn
2024-07-10 12:35:01,179,at-st,empire,8,4,4,5,Toydaria
2024-07-10 12:35:00,180,x-wing,empire,5,4,4,7,Muunilinst
2024-07-10 12:34:59,181,at-at,empire,2,7,2,4,Trandosha
2024-07-10 12:34:58,182,tie_silencer,empire,5,4,2,7,Tholoth
2024-07-10 12:34:57,183,tie_fighter,resistance,9,4,10,3,Zolan
2024-07-10 12:34:56,184,unknown,resistance,3,8,6,8,Alderaan
2024-07-10 12:34:55,185,tie_silencer,empire,7,3,9,10,Naboo
2024-07-10 12:34:54,186,x-wing,empire,4,4,9,7,Haruun Kal
2024-07-10 12:34:53,187,at-at,resistance,6,9,2,8,Iridonia
2024-07-10 12:34:52,188,at-st,resistance,3,4,9,6,Tund
2024-07-10 12:34:51,189,unknown,resistance,3,5,8,3,Iktotch
2024-07-10 12:34:50,190,unknown,empire,7,10,3,8,Concord Dawn
2024-07-10 12:34:49,191,stormtrooper,empire,1,3,7,2,Haruun Kal
2024-07-10 12:34:48,192,at-st,empire,1,2,4,4,Stewjon
2024-07-10 12:34:47,193,stormtrooper,resistance,5,8,6,5,Bestine IV
2024-07-10 12:34:46,194,unknown,resistance,2,6,1,10,Iridonia
2024-07-10 12:34:45,195,at-at,resistance,5,7,7,2,Sullust
2024-07-10 12:34:44,196,tie_fighter,resistance,1,3,3,5,Dorin
2024-07-10 12:34:43,197,x-wing,resistance,1,8,9,1,Serenno
2024-07-10 12:34:42,198,x-wing,resistance,7,5,6,9,Tatooine
2024-07-10 12:34:41,199,tie_fighter,empire,4,4,4,1,Umbara
2024-07-10 12:34:40,200,x-wing,empire,9,6,2,5,Tholoth
2024-07-10 12:34:39,201,stormtrooper,empire,5,5,9,5,Chandrila
2024-07-10 12:34:38,202,at-at,empire,10,10,6,9,Dorin
2024-07-10 12:34:37,203,stormtrooper,empire,7,8,10,6,Skako
2024-07-10 12:34:36,204,tie_fighter,resistance,8,5,1,1,Stewjon
2024-07-10 12:34:35,205,tie_silencer,resistance,9,9,10,6,Dagobah
2024-07-10 12:34:34,206,x-wing,resistance,3,7,7,3,Dorin
2024-07-10 12:34:33,207,tie_fighter,resistance,8,4,2,9,Eriadu
2024-07-10 12:34:32,208,resistance_soldier,resistance,9,6,8,8,Toydaria
2024-07-10 12:34:31,209,stormtrooper,resistance,6,3,5,1,Troiken
2024-07-10 12:34:30,210,tie_silencer,empire,3,5,6,2,Bestine IV
2024-07-10 12:34:29,211,x-wing,resistance,2,8,7,8,Quermia
2024-07-10 12:34:28,212,at-at,resistance,9,10,3,5,Mon Cala
2024-07-10 12:34:27,213,unknown,resistance,3,4,5,7,Eriadu
2024-07-10 12:34:26,214,unknown,empire,6,8,5,1,Troiken
2024-07-10 12:34:25,215,stormtrooper,resistance,10,3,10,2,Umbara
2024-07-10 12:34:24,216,tie_fighter,empire,4,8,4,8,Kalee
2024-07-10 12:34:23,217,at-st,resistance,5,2,2,7,Iktotch
2024-07-10 12:34:22,218,x-wing,resistance,6,2,8,7,Eriadu
2024-07-10 12:34:21,219,x-wing,empire,5,10,2,7,Concord Dawn
2024-07-10 12:34:20,220,stormtrooper,resistance,6,10,9,4,Toydaria
2024-07-10 12:34:19,221,tie_fighter,resistance,10,2,1,7,Malastare
2024-07-10 12:34:18,222,at-at,empire,5,4,2,6,Tatooine
2024-07-10 12:34:17,223,resistance_soldier,empire,8,3,7,8,Tholoth
2024-07-10 12:34:16,224,at-st,empire,10,5,4,6,Concord Dawn
2024-07-10 12:34:15,225,unknown,empire,1,9,3,9,Umbara
2024-07-10 12:34:14,226,stormtrooper,resistance,9,1,1,9,Socorro
2024-07-10 12:34:13,227,x-wing,resistance,10,6,8,9,Naboo
2024-07-10 12:34:12,228,resistance_soldier,resistance,9,6,6,8,Toydaria
2024-07-10 12:34:11,229,tie_fighter,resistance,10,6,6,2,Iridonia
2024-07-10 12:34:10,230,x-wing,empire,4,2,1,8,Kalee
2024-07-10 12:34:09,231,x-wing,empire,1,7,10,8,Shili
2024-07-10 12:34:08,232,tie_fighter,empire,9,8,5,2,Bestine IV
2024-07-10 12:34:07,233,stormtrooper,empire,7,8,8,9,Malastare
2024-07-10 12:34:06,234,tie_fighter,resistance,9,10,5,4,Bestine IV
2024-07-10 12:34:05,235,resistance_soldier,resistance,2,9,8,8,Malastare
2024-07-10 12:34:04,236,stormtrooper,resistance,10,6,7,8,Dagobah
2024-07-10 12:34:03,237,stormtrooper,empire,10,10,6,8,Tatooine
2024-07-10 12:34:02,238,x-wing,resistance,4,8,5,7,Kalee
2024-07-10 12:34:01,239,resistance_soldier,empire,1,7,5,6,Naboo
2024-07-10 12:34:00,240,tie_fighter,resistance,3,1,6,8,Iktotch
2024-07-10 12:33:59,241,resistance_soldier,empire,6,10,2,7,Zolan
2024-07-10 12:33:58,242,stormtrooper,resistance,5,6,6,7,Trandosha
2024-07-10 12:33:57,243,stormtrooper,resistance,6,3,10,10,Tund
2024-07-10 12:33:56,244,at-at,resistance,7,5,4,9,Eriadu
2024-07-10 12:33:55,245,stormtrooper,resistance,4,9,5,5,Malastare
2024-07-10 12:33:54,246,tie_silencer,empire,7,10,2,9,Tholoth
2024-07-10 12:33:53,247,at-st,resistance,9,3,10,4,Tatooine
2024-07-10 12:33:52,248,tie_fighter,empire,2,1,7,9,Concord Dawn
2024-07-10 12:33:51,249,stormtrooper,resistance,3,2,10,8,Toydaria
2024-07-10 12:33:50,250,tie_silencer,resistance,4,9,4,5,Zolan
2024-07-10 12:33:49,251,tie_fighter,empire,7,6,2,3,Sullust
2024-07-10 12:33:48,252,unknown,resistance,10,6,5,9,Troiken
2024-07-10 12:33:47,253,tie_fighter,resistance,2,7,2,6,Rodia
2024-07-10 12:33:46,254,at-st,empire,7,2,9,5,Kashyyyk
2024-07-10 12:33:45,255,tie_silencer,empire,9,7,3,3,Toydaria
2024-07-10 12:33:44,256,stormtrooper,empire,5,6,9,5,Dagobah
2024-07-10 12:33:43,257,x-wing,empire,6,7,6,6,Kashyyyk
2024-07-10 12:33:42,258,unknown,resistance,3,8,4,1,Zolan
2024-07-10 12:33:41,259,tie_silencer,empire,9,1,8,5,Kashyyyk
2024-07-10 12:33:40,260,resistance_soldier,resistance,10,9,9,3,Tholoth
2024-07-10 12:33:39,261,stormtrooper,resistance,8,1,2,6,Tund
2024-07-10 12:33:38,262,unknown,empire,8,7,2,9,Zolan
2024-07-10 12:33:37,263,x-wing,empire,2,2,6,7,Kashyyyk
2024-07-10 12:33:36,264,stormtrooper,empire,3,10,5,9,Dagobah
2024-07-10 12:33:35,265,unknown,empire,1,9,3,6,Dorin
2024-07-10 12:33:34,266,resistance_soldier,resistance,5,9,9,2,Serenno
2024-07-10 12:33:33,267,tie_silencer,empire,2,9,1,6,Trandosha
2024-07-10 12:33:32,268,at-st,resistance,5,2,2,7,Iktotch
2024-07-10 12:33:31,269,x-wing,resistance,6,9,6,2,Iktotch
2024-07-10 12:33:30,270,unknown,resistance,5,10,3,3,Serenno
2024-07-10 12:33:29,271,at-st,empire,9,3,3,6,Socorro
2024-07-10 12:33:28,272,stormtrooper,resistance,4,4,1,5,Cerea
2024-07-10 12:33:27,273,x-wing,resistance,6,10,4,1,Toydaria
2024-07-10 12:33:26,274,x-wing,resistance,7,2,2,2,Aleen Minor
2024-07-10 12:33:25,275,unknown,empire,10,3,6,5,Malastare
2024-07-10 12:33:24,276,at-at,empire,9,1,8,4,Shili
2024-07-10 12:33:23,277,tie_silencer,empire,7,6,7,5,Quermia
2024-07-10 12:33:22,278,at-at,empire,1,5,4,5,Ryloth
2024-07-10 12:33:21,279,at-st,resistance,5,3,3,5,Iktotch
2024-07-10 12:33:20,280,resistance_soldier,empire,7,1,9,1,Zolan
2024-07-10 12:33:19,281,at-at,empire,10,3,5,4,Mon Cala
2024-07-10 12:33:18,282,stormtrooper,empire,6,7,2,5,Dathomir
2024-07-10 12:33:17,283,stormtrooper,empire,7,2,1,3,Tund
2024-07-10 12:33:16,284,tie_silencer,empire,6,3,2,1,Chandrila
2024-07-10 12:33:15,285,x-wing,empire,10,5,8,3,Haruun Kal
2024-07-10 12:33:14,286,at-st,empire,4,7,8,8,Stewjon
2024-07-10 12:33:13,287,tie_silencer,empire,8,1,8,4,Zolan
2024-07-10 12:33:12,288,tie_silencer,resistance,8,3,3,8,Mon Cala
2024-07-10 12:33:11,289,resistance_soldier,resistance,5,7,5,10,Iridonia
2024-07-10 12:33:10,290,tie_fighter,resistance,3,1,6,2,Dorin
2024-07-10 12:33:09,291,unknown,resistance,8,7,8,6,Kalee
2024-07-10 12:33:08,292,at-st,resistance,8,8,5,2,Trandosha
2024-07-10 12:33:07,293,at-st,resistance,7,10,9,7,Haruun Kal
2024-07-10 12:33:06,294,unknown,empire,8,10,5,3,Bestine IV
2024-07-10 12:33:05,295,unknown,resistance,9,9,3,2,Corellia
2024-07-10 12:33:04,296,stormtrooper,empire,8,7,8,5,Umbara
2024-07-10 12:33:03,297,stormtrooper,resistance,4,10,10,6,Kalee
2024-07-10 12:33:02,298,at-st,resistance,7,1,5,9,Troiken
2024-07-10 12:33:01,299,unknown,resistance,5,1,6,9,Cerea
2024-07-10 12:33:00,300,at-at,resistance,8,5,1,8,Toydaria
2024-07-10 12:32:59,301,x-wing,resistance,10,5,3,6,Mirial
2024-07-10 12:32:58,302,tie_silencer,resistance,10,6,4,6,Trandosha
2024-07-10 12:32:57,303,at-st,empire,5,8,10,4,Ryloth
2024-07-10 12:32:56,304,at-st,empire,2,2,4,3,Dorin
2024-07-10 12:32:55,305,unknown,empire,3,9,2,9,Ojom
2024-07-10 12:32:54,306,at-at,empire,3,2,10,1,Champala
2024-07-10 12:32:53,307,resistance_soldier,resistance,2,1,5,8,Trandosha
2024-07-10 12:32:52,308,unknown,empire,10,5,6,2,Vulpter
2024-07-10 12:32:51,309,x-wing,empire,1,3,7,5,Chandrila
2024-07-10 12:32:50,310,tie_fighter,empire,9,6,1,8,Mon Cala
2024-07-10 12:32:49,311,at-at,empire,7,7,9,8,Vulpter
2024-07-10 12:32:48,312,stormtrooper,resistance,5,5,2,10,Tund
2024-07-10 12:32:47,313,x-wing,resistance,9,7,4,9,Malastare
2024-07-10 12:32:46,314,unknown,empire,5,1,7,8,Tholoth
2024-07-10 12:32:45,315,unknown,empire,3,6,4,4,Mirial
2024-07-10 12:32:44,316,resistance_soldier,resistance,4,9,2,5,Ojom
2024-07-10 12:32:43,317,x-wing,empire,9,1,3,5,Mon Cala
2024-07-10 12:32:42,318,tie_fighter,resistance,3,2,3,1,Trandosha
2024-07-10 12:32:41,319,unknown,empire,9,10,4,5,Kashyyyk
2024-07-10 12:32:40,320,at-st,empire,5,3,10,1,Trandosha
2024-07-10 12:32:39,321,at-at,empire,5,9,7,8,Tund
2024-07-10 12:32:38,322,stormtrooper,resistance,7,9,3,4,Kalee
2024-07-10 12:32:37,323,unknown,resistance,1,4,3,3,Corellia
2024-07-10 12:32:36,324,x-wing,resistance,10,10,5,6,Cerea
2024-07-10 12:32:35,325,tie_fighter,resistance,4,7,2,9,Alderaan
2024-07-10 12:32:34,326,at-st,resistance,8,9,6,9,Iktotch
2024-07-10 12:32:33,327,tie_fighter,resistance,7,5,5,6,Skako
2024-07-10 12:32:32,328,resistance_soldier,empire,7,5,2,3,Ryloth
2024-07-10 12:32:31,329,unknown,empire,3,3,1,3,Rodia
2024-07-10 12:32:30,330,tie_silencer,resistance,1,6,2,9,Dagobah
2024-07-10 12:32:29,331,resistance_soldier,empire,6,3,5,1,Mirial
2024-07-10 12:32:28,332,tie_fighter,resistance,4,2,9,1,Iridonia
2024-07-10 12:32:27,333,resistance_soldier,resistance,7,10,1,9,Chandrila
2024-07-10 12:32:26,334,unknown,empire,7,2,7,4,Aleen Minor
2024-07-10 12:32:25,335,x-wing,empire,4,6,6,10,Troiken
2024-07-10 12:32:24,336,unknown,empire,1,5,6,4,Champala
2024-07-10 12:32:23,337,resistance_soldier,empire,6,4,9,2,Mirial
2024-07-10 12:32:22,338,x-wing,resistance,8,4,3,9,Sullust
2024-07-10 12:32:21,339,tie_silencer,resistance,2,2,10,5,Haruun Kal
2024-07-10 12:32:20,340,stormtrooper,resistance,9,3,7,9,Haruun Kal
2024-07-10 12:32:19,341,resistance_soldier,resistance,3,7,5,3,Ryloth
2024-07-10 12:32:18,342,unknown,resistance,8,8,6,4,Tatooine
2024-07-10 12:32:17,343,at-st,resistance,1,5,10,1,Concord Dawn
2024-07-10 12:32:16,344,at-st,resistance,7,2,9,5,Socorro
2024-07-10 12:32:15,345,unknown,resistance,5,4,4,9,Mon Cala
2024-07-10 12:32:14,346,at-at,empire,5,9,4,2,Vulpter
2024-07-10 12:32:13,347,x-wing,resistance,6,9,6,1,Muunilinst
2024-07-10 12:32:12,348,at-st,empire,8,2,6,10,Ryloth
2024-07-10 12:32:11,349,tie_fighter,resistance,8,4,9,7,Kashyyyk
2024-07-10 12:32:10,350,unknown,resistance,3,7,10,7,Iridonia
2024-07-10 12:32:09,351,at-at,resistance,1,4,4,1,Tatooine
2024-07-10 12:32:08,352,tie_fighter,resistance,10,8,3,8,Corellia
2024-07-10 12:32:07,353,resistance_soldier,empire,8,6,10,2,Tatooine
2024-07-10 12:32:06,354,x-wing,resistance,1,4,7,1,Muunilinst
2024-07-10 12:32:05,355,tie_fighter,resistance,9,8,3,1,Umbara
2024-07-10 12:32:04,356,resistance_soldier,empire,9,9,8,5,Aleen Minor
2024-07-10 12:32:03,357,resistance_soldier,empire,3,6,8,7,Bestine IV
2024-07-10 12:32:02,358,stormtrooper,empire,5,5,8,6,Vulpter
2024-07-10 12:32:01,359,unknown,empire,2,2,4,8,Sullust
2024-07-10 12:32:00,360,tie_silencer,empire,4,4,10,9,Dorin
2024-07-10 12:31:59,361,at-at,resistance,4,5,6,10,Ryloth
2024-07-10 12:31:58,362,tie_fighter,empire,3,10,6,6,Iktotch
2024-07-10 12:31:57,363,tie_fighter,empire,5,2,9,6,Umbara
2024-07-10 12:31:56,364,unknown,resistance,10,9,5,9,Kalee
2024-07-10 12:31:55,365,stormtrooper,empire,9,8,3,8,Eriadu
2024-07-10 12:31:54,366,at-st,empire,2,2,4,8,Alderaan
2024-07-10 12:31:53,367,at-st,empire,5,2,5,2,Dorin
2024-07-10 12:31:52,368,tie_silencer,empire,6,9,2,7,Rodia
2024-07-10 12:31:51,369,at-at,resistance,5,2,1,8,Eriadu
2024-07-10 12:31:50,370,resistance_soldier,resistance,7,10,10,3,Serenno
2024-07-10 12:31:49,371,resistance_soldier,empire,6,10,5,1,Sullust
2024-07-10 12:31:48,372,at-at,empire,9,1,7,3,Tholoth
2024-07-10 12:31:47,373,tie_fighter,resistance,10,10,1,8,Ojom
2024-07-10 12:31:46,374,resistance_soldier,resistance,8,3,2,5,Tholoth
2024-07-10 12:31:45,375,stormtrooper,empire,3,5,7,7,Kashyyyk
2024-07-10 12:31:44,376,resistance_soldier,empire,9,5,6,4,Champala
2024-07-10 12:31:43,377,unknown,resistance,7,3,2,10,Ryloth
2024-07-10 12:31:42,378,at-st,empire,6,8,6,10,Socorro
2024-07-10 12:31:41,379,tie_silencer,resistance,7,10,9,8,Glee Anselm
2024-07-10 12:31:40,380,resistance_soldier,resistance,4,4,10,1,Cerea
2024-07-10 12:31:39,381,stormtrooper,empire,9,6,8,8,Zolan
2024-07-10 12:31:38,382,x-wing,empire,3,4,8,2,Sullust
2024-07-10 12:31:37,383,tie_silencer,empire,7,3,8,5,Rodia
2024-07-10 12:31:36,384,at-st,empire,9,1,4,8,Shili
2024-07-10 12:31:35,385,tie_fighter,empire,2,2,4,4,Trandosha
2024-07-10 12:31:34,386,unknown,empire,1,2,10,4,Skako
2024-07-10 12:31:33,387,resistance_soldier,resistance,8,4,7,8,Ryloth
2024-07-10 12:31:32,388,stormtrooper,resistance,9,5,9,8,Quermia
2024-07-10 12:31:31,389,tie_fighter,empire,10,5,1,5,Glee Anselm
2024-07-10 12:31:30,390,x-wing,empire,10,8,7,3,Sullust
2024-07-10 12:31:29,391,x-wing,empire,3,7,6,2,Concord Dawn
2024-07-10 12:31:28,392,x-wing,empire,5,6,1,3,Trandosha
2024-07-10 12:31:27,393,resistance_soldier,resistance,3,3,4,3,Mon Cala
2024-07-10 12:31:26,394,unknown,empire,2,4,5,8,Aleen Minor
2024-07-10 12:31:25,395,at-st,empire,10,5,4,2,Glee Anselm
2024-07-10 12:31:24,396,unknown,resistance,10,10,3,3,Tund
2024-07-10 12:31:23,397,at-at,resistance,8,8,8,8,Mon Cala
2024-07-10 12:31:22,398,tie_silencer,resistance,2,4,8,3,Mirial
2024-07-10 12:31:21,399,tie_silencer,empire,6,2,10,10,Skako
2024-07-10 12:31:20,400,resistance_soldier,resistance,7,8,4,4,Dorin
2024-07-10 12:31:19,401,at-st,resistance,5,8,5,8,Rodia
2024-07-10 12:31:18,402,resistance_soldier,resistance,1,9,8,7,Tholoth
2024-07-10 12:31:17,403,tie_fighter,empire,10,10,5,4,Shili
2024-07-10 12:31:16,404,stormtrooper,resistance,3,10,3,10,Champala
2024-07-10 12:31:15,405,at-st,resistance,8,8,6,6,Champala
2024-07-10 12:31:14,406,resistance_soldier,empire,1,10,8,2,Socorro
2024-07-10 12:31:13,407,unknown,resistance,5,10,4,8,Rodia
2024-07-10 12:31:12,408,at-at,empire,2,7,8,8,Bestine IV
2024-07-10 12:31:11,409,resistance_soldier,resistance,4,4,2,4,Iridonia
2024-07-10 12:31:10,410,tie_silencer,resistance,8,4,2,6,Zolan
2024-07-10 12:31:09,411,tie_silencer,empire,1,7,9,8,Cerea
2024-07-10 12:31:08,412,stormtrooper,empire,4,3,7,6,Sullust
2024-07-10 12:31:07,413,resistance_soldier,empire,8,4,4,5,Dathomir
2024-07-10 12:31:06,414,tie_fighter,resistance,7,3,6,3,Haruun Kal
2024-07-10 12:31:05,415,tie_fighter,resistance,9,4,4,9,Kalee
2024-07-10 12:31:04,416,stormtrooper,empire,10,7,5,3,Tatooine
2024-07-10 12:31:03,417,tie_silencer,resistance,1,3,10,9,Troiken
2024-07-10 12:31:02,418,at-st,empire,6,6,2,1,Eriadu
2024-07-10 12:31:01,419,at-st,empire,5,2,5,2,Tatooine
2024-07-10 12:31:00,420,tie_silencer,empire,7,10,5,4,Dagobah
2024-07-10 12:30:59,421,x-wing,resistance,4,6,8,9,Haruun Kal
2024-07-10 12:30:58,422,x-wing,resistance,1,6,4,1,Kashyyyk
2024-07-10 12:30:57,423,stormtrooper,resistance,1,3,6,2,Kalee
2024-07-10 12:30:56,424,at-at,empire,8,1,9,9,Ryloth
2024-07-10 12:30:55,425,x-wing,resistance,7,9,8,3,Rodia
2024-07-10 12:30:54,426,stormtrooper,empire,3,7,2,10,Vulpter
2024-07-10 12:30:53,427,tie_silencer,empire,8,1,7,4,Bestine IV
2024-07-10 12:30:52,428,at-st,empire,10,2,5,6,Concord Dawn
2024-07-10 12:30:51,429,resistance_soldier,empire,5,5,7,4,Stewjon
2024-07-10 12:30:50,430,tie_silencer,empire,6,4,2,5,Dathomir
2024-07-10 12:30:49,431,stormtrooper,empire,3,2,4,10,Glee Anselm
2024-07-10 12:30:48,432,at-st,empire,5,8,5,5,Cerea
2024-07-10 12:30:47,433,at-st,resistance,9,5,3,2,Eriadu
2024-07-10 12:30:46,434,tie_silencer,empire,1,8,1,3,Concord Dawn
2024-07-10 12:30:45,435,at-at,resistance,7,10,9,1,Ojom
2024-07-10 12:30:44,436,at-at,empire,10,3,7,9,Corellia
2024-07-10 12:30:43,437,stormtrooper,empire,3,3,10,2,Dathomir
2024-07-10 12:30:42,438,at-at,empire,5,9,7,5,Tund
2024-07-10 12:30:41,439,at-st,empire,9,1,8,10,Quermia
2024-07-10 12:30:40,440,resistance_soldier,empire,10,6,4,10,Tatooine
2024-07-10 12:30:39,441,tie_silencer,resistance,4,4,9,6,Kalee
2024-07-10 12:30:38,442,unknown,resistance,4,9,9,2,Vulpter
2024-07-10 12:30:37,443,at-at,empire,1,10,1,2,Bestine IV
2024-07-10 12:30:36,444,stormtrooper,empire,1,8,4,10,Alderaan
2024-07-10 12:30:35,445,tie_silencer,empire,3,3,3,9,Shili
2024-07-10 12:30:34,446,tie_silencer,resistance,1,2,10,4,Bestine IV
2024-07-10 12:30:33,447,stormtrooper,empire,8,7,6,7,Haruun Kal
2024-07-10 12:30:32,448,tie_silencer,resistance,8,9,10,10,Vulpter
2024-07-10 12:30:31,449,stormtrooper,empire,10,6,6,8,Naboo
2024-07-10 12:30:30,450,at-at,empire,4,6,4,8,Quermia
2024-07-10 12:30:29,451,at-st,empire,8,8,8,10,Trandosha
2024-07-10 12:30:28,452,at-st,empire,6,1,4,3,Kalee
2024-07-10 12:30:27,453,x-wing,empire,5,10,8,5,Kashyyyk
2024-07-10 12:30:26,454,tie_silencer,empire,7,1,6,5,Corellia
2024-07-10 12:30:25,455,at-at,empire,10,8,5,6,Stewjon
2024-07-10 12:30:24,456,tie_fighter,empire,1,3,10,8,Corellia
2024-07-10 12:30:23,457,x-wing,empire,10,9,4,7,Toydaria
2024-07-10 12:30:22,458,at-st,empire,9,6,10,7,Tholoth
2024-07-10 12:30:21,459,stormtrooper,resistance,1,4,8,9,Dathomir
2024-07-10 12:30:20,460,at-st,empire,8,6,9,10,Zolan
2024-07-10 12:30:19,461,unknown,resistance,4,3,8,2,Socorro
2024-07-10 12:30:18,462,at-st,empire,5,9,7,8,Tholoth
2024-07-10 12:30:17,463,stormtrooper,resistance,8,6,2,8,Zolan
2024-07-10 12:30:16,464,at-st,resistance,5,3,10,9,Bestine IV
2024-07-10 12:30:15,465,stormtrooper,resistance,6,4,8,8,Trandosha
2024-07-10 12:30:14,466,x-wing,empire,8,7,4,8,Ojom
2024-07-10 12:30:13,467,x-wing,empire,8,4,8,1,Socorro
2024-07-10 12:30:12,468,resistance_soldier,empire,4,6,1,3,Tholoth
2024-07-10 12:30:11,469,stormtrooper,empire,7,1,1,10,Umbara
2024-07-10 12:30:10,470,at-st,empire,10,8,8,1,Bestine IV
2024-07-10 12:30:09,471,resistance_soldier,empire,3,7,1,9,Vulpter
2024-07-10 12:30:08,472,at-at,resistance,1,9,1,10,Serenno
2024-07-10 12:30:07,473,tie_silencer,empire,6,7,7,2,Dorin
2024-07-10 12:30:06,474,tie_fighter,resistance,10,3,3,4,Vulpter
2024-07-10 12:30:05,475,resistance_soldier,empire,6,5,1,3,Dagobah
2024-07-10 12:30:04,476,tie_fighter,empire,6,1,3,8,Haruun Kal
2024-07-10 12:30:03,477,tie_silencer,resistance,10,8,7,7,Tholoth
2024-07-10 12:30:02,478,tie_fighter,empire,3,1,7,1,Rodia
2024-07-10 12:30:01,479,at-st,resistance,1,10,8,9,Rodia
2024-07-10 12:30:00,480,at-at,empire,9,7,3,6,Skako
2024-07-10 12:29:59,481,x-wing,resistance,4,6,9,10,Iridonia
2024-07-10 12:29:58,482,x-wing,resistance,10,10,6,10,Glee Anselm
2024-07-10 12:29:57,483,unknown,resistance,5,2,1,8,Stewjon
2024-07-10 12:29:56,484,tie_silencer,resistance,10,10,6,5,Zolan
2024-07-10 12:29:55,485,resistance_soldier,empire,1,3,2,9,Haruun Kal
2024-07-10 12:29:54,486,at-at,empire,3,8,1,3,Kashyyyk
2024-07-10 12:29:53,487,stormtrooper,empire,8,2,1,8,Kashyyyk
2024-07-10 12:29:52,488,unknown,resistance,1,9,5,7,Toydaria
2024-07-10 12:29:51,489,at-at,empire,5,8,8,2,Troiken
2024-07-10 12:29:50,490,stormtrooper,empire,4,9,3,1,Bestine IV
2024-07-10 12:29:49,491,x-wing,resistance,4,3,6,9,Trandosha
2024-07-10 12:29:48,492,tie_silencer,empire,10,1,4,5,Kalee
2024-07-10 12:29:47,493,x-wing,empire,7,1,4,9,Shili
2024-07-10 12:29:46,494,resistance_soldier,empire,4,9,1,2,Dagobah
2024-07-10 12:29:45,495,at-at,empire,4,1,4,2,Alderaan
2024-07-10 12:29:44,496,stormtrooper,resistance,10,7,2,4,Dagobah
2024-07-10 12:29:43,497,resistance_soldier,resistance,9,1,5,9,Aleen Minor
2024-07-10 12:29:42,498,at-st,empire,7,7,5,2,Aleen Minor
2024-07-10 12:29:41,499,unknown,empire,8,1,1,10,Kalee
2024-07-10 12:29:40,500,stormtrooper,empire,8,5,9,3,Shili
2024-07-10 12:29:39,501,unknown,resistance,8,3,6,6,Dorin
2024-07-10 12:29:38,502,unknown,empire,10,6,4,5,Kalee
2024-07-10 12:29:37,503,at-at,empire,4,5,5,4,Zolan
2024-07-10 12:29:36,504,at-at,empire,2,4,6,6,Shili
2024-07-10 12:29:35,505,at-st,empire,3,5,9,2,Concord Dawn
2024-07-10 12:29:34,506,tie_fighter,empire,7,8,8,1,Malastare
2024-07-10 12:29:33,507,at-at,empire,5,7,10,10,Tund
2024-07-10 12:29:32,508,tie_fighter,resistance,10,10,6,4,Aleen Minor
2024-07-10 12:29:31,509,x-wing,resistance,2,3,9,6,Eriadu
2024-07-10 12:29:30,510,tie_fighter,empire,10,9,3,7,Chandrila
2024-07-10 12:29:29,511,at-st,empire,1,3,2,9,Muunilinst
2024-07-10 12:29:28,512,tie_fighter,resistance,3,3,2,2,Iktotch
2024-07-10 12:29:27,513,tie_silencer,empire,6,3,2,1,Dorin
2024-07-10 12:29:26,514,at-st,empire,10,7,7,6,Kashyyyk
2024-07-10 12:29:25,515,tie_silencer,empire,9,7,7,1,Toydaria
2024-07-10 12:29:24,516,x-wing,empire,2,7,10,4,Stewjon
2024-07-10 12:29:23,517,unknown,resistance,8,2,3,1,Troiken
2024-07-10 12:29:22,518,at-at,empire,9,5,2,9,Shili
2024-07-10 12:29:21,519,unknown,resistance,7,3,2,10,Tatooine
2024-07-10 12:29:20,520,resistance_soldier,empire,4,6,8,10,Shili
2024-07-10 12:29:19,521,unknown,empire,2,10,1,9,Eriadu
2024-07-10 12:29:18,522,at-at,resistance,9,1,4,9,Champala
2024-07-10 12:29:17,523,stormtrooper,empire,1,6,3,7,Skako
2024-07-10 12:29:16,524,at-at,resistance,8,10,2,10,Shili
2024-07-10 12:29:15,525,at-st,resistance,9,4,5,2,Concord Dawn
2024-07-10 12:29:14,526,at-st,resistance,6,8,4,2,Naboo
2024-07-10 12:29:13,527,tie_fighter,resistance,4,3,10,8,Concord Dawn
2024-07-10 12:29:12,528,at-at,empire,5,3,9,5,Kalee
2024-07-10 12:29:11,529,x-wing,resistance,9,2,1,5,Glee Anselm
2024-07-10 12:29:10,530,tie_silencer,empire,9,6,7,10,Aleen Minor
2024-07-10 12:29:09,531,x-wing,resistance,2,7,10,1,Tatooine
2024-07-10 12:29:08,532,unknown,empire,3,8,10,2,Champala
2024-07-10 12:29:07,533,unknown,resistance,5,3,5,3,Naboo
2024-07-10 12:29:06,534,at-st,empire,6,7,8,6,Shili
2024-07-10 12:29:05,535,x-wing,empire,2,1,10,1,Socorro
2024-07-10 12:29:04,536,stormtrooper,resistance,1,2,4,6,Troiken
2024-07-10 12:29:03,537,at-at,empire,8,5,9,7,Cerea
2024-07-10 12:29:02,538,at-at,resistance,3,1,9,1,Umbara
2024-07-10 12:29:01,539,unknown,resistance,3,10,4,8,Kashyyyk
2024-07-10 12:29:00,540,resistance_soldier,empire,4,9,9,4,Mon Cala
2024-07-10 12:28:59,541,tie_fighter,empire,6,10,9,5,Corellia
2024-07-10 12:28:58,542,at-st,resistance,8,9,9,8,Tholoth
2024-07-10 12:28:57,543,tie_fighter,resistance,6,1,2,7,Mon Cala
2024-07-10 12:28:56,544,tie_silencer,empire,8,10,8,6,Concord Dawn
2024-07-10 12:28:55,545,stormtrooper,empire,2,10,2,1,Concord Dawn
2024-07-10 12:28:54,546,tie_silencer,empire,3,3,8,3,Toydaria
2024-07-10 12:28:53,547,tie_silencer,resistance,8,2,2,5,Muunilinst
2024-07-10 12:28:52,548,at-st,resistance,8,5,8,10,Eriadu
2024-07-10 12:28:51,549,tie_silencer,empire,9,1,2,2,Kashyyyk
2024-07-10 12:28:50,550,tie_silencer,resistance,10,10,9,5,Socorro
2024-07-10 12:28:49,551,at-st,empire,6,10,8,1,Malastare
2024-07-10 12:28:48,552,unknown,empire,4,6,1,7,Shili
2024-07-10 12:28:47,553,unknown,empire,8,8,10,4,Zolan
2024-07-10 12:28:46,554,tie_silencer,resistance,6,4,7,8,Chandrila
2024-07-10 12:28:45,555,at-st,resistance,9,6,1,9,Ryloth
2024-07-10 12:28:44,556,tie_fighter,resistance,1,5,2,7,Iktotch
2024-07-10 12:28:43,557,tie_fighter,empire,4,1,5,3,Muunilinst
2024-07-10 12:28:42,558,unknown,empire,2,10,6,3,Eriadu
2024-07-10 12:28:41,559,at-st,empire,9,5,7,5,Tatooine
2024-07-10 12:28:40,560,tie_fighter,empire,6,8,7,4,Ojom
2024-07-10 12:28:39,561,at-at,resistance,8,1,3,1,Serenno
2024-07-10 12:28:38,562,x-wing,resistance,5,5,10,8,Sullust
2024-07-10 12:28:37,563,resistance_soldier,resistance,4,6,7,4,Alderaan
2024-07-10 12:28:36,564,tie_fighter,empire,3,9,5,7,Mirial
2024-07-10 12:28:35,565,x-wing,resistance,3,3,8,10,Aleen Minor
2024-07-10 12:28:34,566,resistance_soldier,empire,9,9,3,9,Zolan
2024-07-10 12:28:33,567,stormtrooper,resistance,4,8,1,1,Cerea
2024-07-10 12:28:32,568,stormtrooper,empire,10,4,6,10,Zolan
2024-07-10 12:28:31,569,stormtrooper,resistance,8,4,2,6,Mirial
2024-07-10 12:28:30,570,tie_silencer,resistance,10,5,7,10,Chandrila
2024-07-10 12:28:29,571,stormtrooper,resistance,5,6,8,6,Kalee
2024-07-10 12:28:28,572,at-st,resistance,8,7,3,4,Socorro
2024-07-10 12:28:27,573,resistance_soldier,empire,2,2,2,3,Malastare
2024-07-10 12:28:26,574,x-wing,empire,4,7,10,5,Toydaria
2024-07-10 12:28:25,575,x-wing,resistance,6,10,9,2,Muunilinst
2024-07-10 12:28:24,576,x-wing,resistance,6,1,10,1,Malastare
2024-07-10 12:28:23,577,stormtrooper,resistance,9,5,3,8,Quermia
2024-07-10 12:28:22,578,stormtrooper,resistance,7,6,4,6,Zolan
2024-07-10 12:28:21,579,at-st,empire,8,1,5,5,Dagobah
2024-07-10 12:28:20,580,tie_fighter,empire,6,10,7,9,Socorro
2024-07-10 12:28:19,581,x-wing,resistance,1,6,4,4,Serenno
2024-07-10 12:28:18,582,stormtrooper,resistance,3,10,1,4,Haruun Kal
2024-07-10 12:28:17,583,stormtrooper,empire,8,6,5,6,Ryloth
2024-07-10 12:28:16,584,tie_silencer,empire,6,2,10,9,Troiken
2024-07-10 12:28:15,585,tie_silencer,resistance,6,9,3,8,Dathomir
2024-07-10 12:28:14,586,at-at,empire,9,1,4,1,Skako
2024-07-10 12:28:13,587,resistance_soldier,resistance,8,6,6,7,Troiken
2024-07-10 12:28:12,588,unknown,resistance,3,9,8,10,Iktotch
2024-07-10 12:28:11,589,tie_fighter,resistance,6,6,10,7,Dathomir
2024-07-10 12:28:10,590,tie_silencer,resistance,7,10,2,8,Tund
2024-07-10 12:28:09,591,resistance_soldier,resistance,5,6,7,6,Corellia
2024-07-10 12:28:08,592,tie_silencer,resistance,2,2,5,8,Tund
2024-07-10 12:28:07,593,at-at,resistance,4,1,7,6,Dorin
2024-07-10 12:28:06,594,at-at,resistance,8,2,5,7,Kashyyyk
2024-07-10 12:28:05,595,resistance_soldier,resistance,3,4,4,3,Tatooine
2024-07-10 12:28:04,596,at-at,resistance,9,3,9,8,Naboo
2024-07-10 12:28:03,597,at-at,resistance,8,3,6,3,Serenno
2024-07-10 12:28:02,598,at-at,empire,4,10,10,9,Iridonia
2024-07-10 12:28:01,599,at-st,empire,8,5,10,4,Serenno
2024-07-10 12:28:00,600,x-wing,resistance,5,8,10,3,Serenno
2024-07-10 12:27:59,601,tie_silencer,resistance,5,9,9,5,Skako
2024-07-10 12:27:58,602,unknown,empire,10,10,9,10,Mirial
2024-07-10 12:27:57,603,x-wing,resistance,4,8,7,6,Stewjon
2024-07-10 12:27:56,604,unknown,empire,7,3,1,5,Kashyyyk
2024-07-10 12:27:55,605,at-at,empire,7,2,9,1,Serenno
2024-07-10 12:27:54,606,at-st,resistance,8,4,2,9,Glee Anselm
2024-07-10 12:27:53,607,stormtrooper,empire,7,10,9,9,Concord Dawn
2024-07-10 12:27:52,608,stormtrooper,empire,9,8,5,6,Quermia
2024-07-10 12:27:51,609,unknown,resistance,4,1,3,5,Aleen Minor
2024-07-10 12:27:50,610,at-at,empire,6,7,6,8,Ryloth
2024-07-10 12:27:49,611,at-at,empire,4,10,4,7,Kalee
2024-07-10 12:27:48,612,resistance_soldier,resistance,9,1,2,10,Dagobah
2024-07-10 12:27:47,613,unknown,resistance,2,1,4,5,Corellia
2024-07-10 12:27:46,614,tie_fighter,empire,3,1,8,1,Serenno
2024-07-10 12:27:45,615,tie_silencer,resistance,5,4,3,2,Quermia
2024-07-10 12:27:44,616,at-st,empire,3,6,4,4,Iridonia
2024-07-10 12:27:43,617,tie_silencer,resistance,3,5,9,5,Skako
2024-07-10 12:27:42,618,at-st,resistance,7,9,9,3,Naboo
2024-07-10 12:27:41,619,at-at,resistance,7,4,6,9,Vulpter
2024-07-10 12:27:40,620,unknown,empire,8,3,5,6,Toydaria
2024-07-10 12:27:39,621,at-at,resistance,3,2,10,7,Iktotch
2024-07-10 12:27:38,622,stormtrooper,empire,9,3,1,7,Muunilinst
2024-07-10 12:27:37,623,at-at,empire,9,6,10,5,Eriadu
2024-07-10 12:27:36,624,at-at,empire,9,5,6,7,Tatooine
2024-07-10 12:27:35,625,tie_silencer,resistance,5,4,3,3,Rodia
2024-07-10 12:27:34,626,stormtrooper,resistance,1,1,4,4,Umbara
2024-07-10 12:27:33,627,resistance_soldier,resistance,9,3,4,2,Naboo
2024-07-10 12:27:32,628,unknown,empire,8,7,9,9,Skako
2024-07-10 12:27:31,629,tie_silencer,empire,8,7,8,9,Vulpter
2024-07-10 12:27:30,630,at-at,resistance,3,2,3,10,Rodia
2024-07-10 12:27:29,631,at-at,empire,5,4,6,3,Dagobah
2024-07-10 12:27:28,632,stormtrooper,empire,6,10,1,9,Bestine IV
2024-07-10 12:27:27,633,at-st,resistance,8,7,2,6,Champala
2024-07-10 12:27:26,634,at-st,empire,10,9,1,7,Socorro
2024-07-10 12:27:25,635,at-at,resistance,2,7,5,10,Tatooine
2024-07-10 12:27:24,636,at-st,empire,4,8,6,6,Kalee
2024-07-10 12:27:23,637,x-wing,empire,9,8,1,1,Malastare
2024-07-10 12:27:22,638,resistance_soldier,resistance,8,9,1,8,Chandrila
2024-07-10 12:27:21,639,x-wing,resistance,10,6,4,2,Glee Anselm
2024-07-10 12:27:20,640,tie_fighter,empire,9,5,8,10,Dagobah
2024-07-10 12:27:19,641,x-wing,empire,7,1,6,2,Champala
2024-07-10 12:27:18,642,at-st,resistance,2,8,7,2,Champala
2024-07-10 12:27:17,643,x-wing,empire,4,8,9,8,Sullust
2024-07-10 12:27:16,644,at-at,resistance,6,4,7,9,Corellia
2024-07-10 12:27:15,645,tie_silencer,resistance,7,8,8,10,Tatooine
2024-07-10 12:27:14,646,stormtrooper,empire,4,9,4,7,Glee Anselm
2024-07-10 12:27:13,647,tie_fighter,empire,2,9,4,8,Cerea
2024-07-10 12:27:12,648,stormtrooper,resistance,9,6,8,7,Glee Anselm
2024-07-10 12:27:11,649,at-st,resistance,6,10,8,2,Concord Dawn
2024-07-10 12:27:10,650,resistance_soldier,resistance,6,5,1,2,Dorin
2024-07-10 12:27:09,651,stormtrooper,empire,9,9,4,9,Eriadu
2024-07-10 12:27:08,652,x-wing,empire,1,1,9,2,Aleen Minor
2024-07-10 12:27:07,653,at-at,resistance,1,8,5,5,Ojom
2024-07-10 12:27:06,654,tie_fighter,empire,7,7,6,3,Skako
2024-07-10 12:27:05,655,at-st,empire,3,9,1,5,Mirial
2024-07-10 12:27:04,656,resistance_soldier,empire,7,8,3,3,Eriadu
2024-07-10 12:27:03,657,unknown,resistance,1,3,2,3,Glee Anselm
2024-07-10 12:27:02,658,unknown,resistance,6,8,7,2,Ryloth
2024-07-10 12:27:01,659,stormtrooper,resistance,8,1,10,8,Concord Dawn
2024-07-10 12:27:00,660,x-wing,empire,9,6,10,2,Toydaria
2024-07-10 12:26:59,661,tie_silencer,empire,4,1,9,4,Mon Cala
2024-07-10 12:26:58,662,tie_fighter,resistance,4,8,6,4,Iktotch
2024-07-10 12:26:57,663,unknown,resistance,8,6,5,7,Cerea
2024-07-10 12:26:56,664,x-wing,empire,10,2,5,4,Socorro
2024-07-10 12:26:55,665,tie_fighter,empire,9,8,2,5,Malastare
2024-07-10 12:26:54,666,stormtrooper,resistance,8,9,5,4,Corellia
2024-07-10 12:26:53,667,at-at,empire,7,1,10,8,Corellia
2024-07-10 12:26:52,668,at-at,resistance,4,7,6,3,Ojom
2024-07-10 12:26:51,669,tie_fighter,empire,2,7,1,10,Ojom
2024-07-10 12:26:50,670,tie_silencer,empire,4,5,4,5,Champala
2024-07-10 12:26:49,671,at-at,resistance,5,1,2,3,Aleen Minor
2024-07-10 12:26:48,672,resistance_soldier,empire,2,6,8,6,Kashyyyk
2024-07-10 12:26:47,673,x-wing,empire,7,6,1,9,Muunilinst
2024-07-10 12:26:46,674,unknown,empire,1,6,1,6,Ryloth
2024-07-10 12:26:45,675,unknown,resistance,3,3,7,10,Malastare
2024-07-10 12:26:44,676,tie_silencer,resistance,1,9,8,6,Ryloth
2024-07-10 12:26:43,677,tie_fighter,resistance,7,6,6,4,Concord Dawn
2024-07-10 12:26:42,678,x-wing,resistance,1,3,10,8,Troiken
2024-07-10 12:26:41,679,at-st,empire,4,4,10,7,Toydaria
2024-07-10 12:26:40,680,tie_silencer,empire,3,5,9,6,Haruun Kal
2024-07-10 12:26:39,681,unknown,resistance,4,3,6,9,Champala
2024-07-10 12:26:38,682,resistance_soldier,resistance,7,2,3,1,Chandrila
2024-07-10 12:26:37,683,unknown,resistance,10,3,5,1,Umbara
2024-07-10 12:26:36,684,at-at,resistance,10,9,9,5,Ojom
2024-07-10 12:26:35,685,tie_fighter,resistance,8,4,4,2,Trandosha
2024-07-10 12:26:34,686,at-at,resistance,6,3,7,1,Haruun Kal
2024-07-10 12:26:33,687,unknown,empire,1,9,6,2,Bestine IV
2024-07-10 12:26:32,688,stormtrooper,resistance,2,3,10,7,Ojom
2024-07-10 12:26:31,689,at-at,empire,5,7,2,2,Serenno
2024-07-10 12:26:30,690,at-st,resistance,1,6,10,2,Naboo
2024-07-10 12:26:29,691,at-st,resistance,4,4,7,2,Haruun Kal
2024-07-10 12:26:28,692,at-at,resistance,3,6,7,6,Kalee
2024-07-10 12:26:27,693,at-st,empire,9,6,2,7,Cerea
2024-07-10 12:26:26,694,tie_fighter,resistance,5,3,9,3,Quermia
2024-07-10 12:26:25,695,resistance_soldier,empire,2,9,5,2,Dathomir
2024-07-10 12:26:24,696,at-st,empire,3,1,3,1,Aleen Minor
2024-07-10 12:26:23,697,stormtrooper,resistance,4,2,10,1,Trandosha
2024-07-10 12:26:22,698,at-st,empire,2,6,5,1,Ojom
2024-07-10 12:26:21,699,at-at,resistance,10,6,2,10,Quermia
2024-07-10 12:26:20,700,tie_fighter,resistance,4,1,8,3,Iridonia
2024-07-10 12:26:19,701,tie_fighter,empire,4,5,5,2,Quermia
2024-07-10 12:26:18,702,x-wing,resistance,1,8,5,8,Malastare
2024-07-10 12:26:17,703,tie_silencer,resistance,9,4,5,9,Aleen Minor
2024-07-10 12:26:16,704,x-wing,empire,5,8,8,10,Aleen Minor
2024-07-10 12:26:15,705,tie_fighter,resistance,2,4,3,10,Vulpter
2024-07-10 12:26:14,706,at-at,resistance,4,2,9,3,Serenno
2024-07-10 12:26:13,707,x-wing,empire,2,1,4,9,Dorin
2024-07-10 12:26:12,708,resistance_soldier,empire,4,1,4,4,Alderaan
2024-07-10 12:26:11,709,tie_fighter,resistance,10,3,4,6,Kalee
2024-07-10 12:26:10,710,tie_silencer,resistance,10,5,2,10,Dorin
2024-07-10 12:26:09,711,at-st,empire,7,7,1,10,Chandrila
2024-07-10 12:26:08,712,tie_silencer,resistance,5,2,5,8,Naboo
2024-07-10 12:26:07,713,x-wing,resistance,5,1,10,6,Dathomir
2024-07-10 12:26:06,714,unknown,resistance,10,9,6,9,Malastare
2024-07-10 12:26:05,715,at-st,resistance,8,5,1,2,Vulpter
2024-07-10 12:26:04,716,tie_fighter,empire,10,2,4,9,Alderaan
2024-07-10 12:26:03,717,at-st,resistance,2,8,1,9,Champala
2024-07-10 12:26:02,718,stormtrooper,empire,2,2,5,9,Iktotch
2024-07-10 12:26:01,719,tie_fighter,resistance,7,5,5,4,Trandosha
2024-07-10 12:26:00,720,tie_silencer,empire,2,3,2,10,Alderaan
2024-07-10 12:25:59,721,resistance_soldier,resistance,5,9,7,9,Dagobah
2024-07-10 12:25:58,722,x-wing,empire,9,2,3,4,Shili
2024-07-10 12:25:57,723,stormtrooper,empire,6,10,2,9,Stewjon
2024-07-10 12:25:56,724,stormtrooper,resistance,9,1,8,8,Malastare
2024-07-10 12:25:55,725,stormtrooper,empire,5,10,5,6,Kalee
2024-07-10 12:25:54,726,tie_silencer,resistance,7,10,9,10,Concord Dawn
2024-07-10 12:25:53,727,at-st,empire,3,4,8,7,Alderaan
2024-07-10 12:25:52,728,resistance_soldier,empire,6,5,3,8,Glee Anselm
2024-07-10 12:25:51,729,x-wing,resistance,10,8,6,4,Kashyyyk
2024-07-10 12:25:50,730,tie_silencer,resistance,1,1,5,2,Bestine IV
2024-07-10 12:25:49,731,tie_silencer,resistance,4,1,4,3,Serenno
2024-07-10 12:25:48,732,resistance_soldier,empire,7,6,10,4,Tatooine
2024-07-10 12:25:47,733,tie_silencer,empire,1,2,4,7,Socorro
2024-07-10 12:25:46,734,tie_fighter,resistance,6,9,9,7,Dorin
2024-07-10 12:25:45,735,unknown,empire,10,2,2,3,Malastare
2024-07-10 12:25:44,736,x-wing,empire,4,3,6,10,Chandrila
2024-07-10 12:25:43,737,unknown,empire,7,2,4,8,Bestine IV
2024-07-10 12:25:42,738,resistance_soldier,empire,10,6,7,4,Tund
2024-07-10 12:25:41,739,at-st,resistance,1,3,1,1,Shili
2024-07-10 12:25:40,740,stormtrooper,empire,4,4,2,7,Skako
2024-07-10 12:25:39,741,resistance_soldier,empire,4,1,1,9,Malastare
2024-07-10 12:25:38,742,tie_fighter,resistance,8,3,8,8,Concord Dawn
2024-07-10 12:25:37,743,stormtrooper,empire,2,1,3,10,Mon Cala
2024-07-10 12:25:36,744,x-wing,resistance,6,2,3,4,Dathomir
2024-07-10 12:25:35,745,unknown,empire,1,6,10,9,Cerea
2024-07-10 12:25:34,746,at-st,resistance,1,10,5,1,Trandosha
2024-07-10 12:25:33,747,stormtrooper,empire,4,7,9,7,Vulpter
2024-07-10 12:25:32,748,at-st,resistance,7,2,4,1,Malastare
2024-07-10 12:25:31,749,stormtrooper,empire,2,3,3,3,Vulpter
2024-07-10 12:25:30,750,stormtrooper,empire,10,7,3,4,Mon Cala
2024-07-10 12:25:29,751,unknown,resistance,7,6,9,1,Alderaan
2024-07-10 12:25:28,752,unknown,empire,6,1,5,10,Mon Cala
2024-07-10 12:25:27,753,tie_fighter,empire,10,2,8,9,Iridonia
2024-07-10 12:25:26,754,stormtrooper,empire,9,8,2,7,Rodia
2024-07-10 12:25:25,755,x-wing,resistance,8,8,7,4,Mirial
2024-07-10 12:25:24,756,resistance_soldier,empire,9,2,6,1,Iridonia
2024-07-10 12:25:23,757,tie_silencer,resistance,9,3,4,10,Ojom
2024-07-10 12:25:22,758,at-at,empire,6,8,3,7,Iktotch
2024-07-10 12:25:21,759,at-st,resistance,1,8,5,4,Socorro
2024-07-10 12:25:20,760,at-st,empire,5,6,2,10,Alderaan
2024-07-10 12:25:19,761,tie_silencer,resistance,1,1,1,4,Ojom
2024-07-10 12:25:18,762,x-wing,empire,8,3,2,8,Mirial
2024-07-10 12:25:17,763,tie_fighter,empire,2,9,7,2,Muunilinst
2024-07-10 12:25:16,764,tie_fighter,resistance,9,4,9,9,Eriadu
2024-07-10 12:25:15,765,stormtrooper,resistance,8,7,2,9,Tatooine
2024-07-10 12:25:14,766,tie_fighter,empire,9,10,9,3,Sullust
2024-07-10 12:25:13,767,unknown,resistance,1,5,2,6,Stewjon
2024-07-10 12:25:12,768,at-at,resistance,8,6,7,4,Troiken
2024-07-10 12:25:11,769,resistance_soldier,resistance,8,3,6,7,Bestine IV
2024-07-10 12:25:10,770,unknown,empire,10,2,8,6,Iridonia
2024-07-10 12:25:09,771,tie_fighter,empire,6,4,5,7,Concord Dawn
2024-07-10 12:25:08,772,unknown,empire,7,3,8,3,Muunilinst
2024-07-10 12:25:07,773,tie_silencer,resistance,6,10,8,6,Malastare
2024-07-10 12:25:06,774,x-wing,empire,10,2,1,9,Dathomir
2024-07-10 12:25:05,775,unknown,empire,3,1,10,1,Trandosha
2024-07-10 12:25:04,776,tie_fighter,resistance,9,5,4,1,Aleen Minor
2024-07-10 12:25:03,777,resistance_soldier,empire,10,1,1,5,Tatooine
2024-07-10 12:25:02,778,unknown,resistance,1,10,7,5,Ojom
2024-07-10 12:25:01,779,stormtrooper,resistance,10,3,10,9,Iridonia
2024-07-10 12:25:00,780,x-wing,empire,2,5,8,5,Eriadu
2024-07-10 12:24:59,781,x-wing,empire,6,5,8,1,Quermia
2024-07-10 12:24:58,782,resistance_soldier,resistance,8,10,3,4,Troiken
2024-07-10 12:24:57,783,x-wing,empire,3,8,8,2,Kalee
2024-07-10 12:24:56,784,tie_silencer,resistance,9,8,1,10,Alderaan
2024-07-10 12:24:55,785,at-at,resistance,8,4,9,9,Tatooine
2024-07-10 12:24:54,786,unknown,empire,10,9,7,2,Tholoth
2024-07-10 12:24:53,787,resistance_soldier,empire,8,7,8,1,Kalee
2024-07-10 12:24:52,788,resistance_soldier,empire,4,7,8,4,Naboo
2024-07-10 12:24:51,789,tie_fighter,empire,7,9,7,9,Serenno
2024-07-10 12:24:50,790,at-at,empire,7,8,5,10,Vulpter
2024-07-10 12:24:49,791,tie_silencer,empire,5,3,6,3,Rodia
2024-07-10 12:24:48,792,tie_fighter,resistance,1,4,9,10,Quermia
2024-07-10 12:24:47,793,stormtrooper,resistance,5,5,6,8,Socorro
2024-07-10 12:24:46,794,stormtrooper,resistance,10,10,3,4,Vulpter
2024-07-10 12:24:45,795,resistance_soldier,empire,2,4,7,5,Glee Anselm
2024-07-10 12:24:44,796,at-st,empire,8,3,8,7,Iridonia
2024-07-10 12:24:43,797,resistance_soldier,empire,8,6,3,2,Ryloth
2024-07-10 12:24:42,798,resistance_soldier,empire,3,4,5,3,Malastare
2024-07-10 12:24:41,799,at-st,resistance,2,1,6,8,Mirial
2024-07-10 12:24:40,800,stormtrooper,empire,2,9,8,4,Trandosha
2024-07-10 12:24:39,801,stormtrooper,empire,3,9,2,9,Glee Anselm
2024-07-10 12:24:38,802,tie_fighter,resistance,5,7,3,1,Eriadu
2024-07-10 12:24:37,803,at-st,resistance,10,8,9,4,Ojom
2024-07-10 12:24:36,804,at-at,resistance,6,9,6,9,Serenno
2024-07-10 12:24:35,805,at-at,empire,4,6,7,5,Kalee
2024-07-10 12:24:34,806,resistance_soldier,empire,5,8,4,1,Eriadu
2024-07-10 12:24:33,807,x-wing,empire,9,1,7,7,Shili
2024-07-10 12:24:32,808,at-st,empire,9,6,4,8,Shili
2024-07-10 12:24:31,809,tie_silencer,empire,9,10,5,1,Serenno
2024-07-10 12:24:30,810,stormtrooper,empire,10,3,1,2,Iridonia
2024-07-10 12:24:29,811,at-at,empire,4,1,10,9,Corellia
2024-07-10 12:24:28,812,stormtrooper,resistance,1,7,2,3,Bestine IV
2024-07-10 12:24:27,813,stormtrooper,empire,5,5,9,1,Umbara
2024-07-10 12:24:26,814,resistance_soldier,empire,8,7,4,5,Corellia
2024-07-10 12:24:25,815,x-wing,empire,3,10,2,6,Aleen Minor
2024-07-10 12:24:24,816,x-wing,empire,9,7,4,7,Bestine IV
2024-07-10 12:24:23,817,tie_fighter,resistance,8,9,8,9,Serenno
2024-07-10 12:24:22,818,unknown,empire,8,4,3,1,Alderaan
2024-07-10 12:24:21,819,at-at,empire,5,7,9,7,Aleen Minor
2024-07-10 12:24:20,820,stormtrooper,resistance,9,2,5,5,Zolan
2024-07-10 12:24:19,821,tie_fighter,empire,6,5,5,10,Champala
2024-07-10 12:24:18,822,at-at,resistance,9,2,10,6,Ojom
2024-07-10 12:24:17,823,stormtrooper,empire,4,8,8,4,Tholoth
2024-07-10 12:24:16,824,tie_fighter,resistance,3,6,1,3,Mirial
2024-07-10 12:24:15,825,tie_silencer,empire,10,9,6,2,Tund
2024-07-10 12:24:14,826,resistance_soldier,empire,1,2,9,6,Serenno
2024-07-10 12:24:13,827,at-at,empire,4,8,7,5,Dagobah
2024-07-10 12:24:12,828,stormtrooper,resistance,2,8,3,2,Ojom
2024-07-10 12:24:11,829,resistance_soldier,empire,9,4,1,7,Aleen Minor
2024-07-10 12:24:10,830,at-st,resistance,6,7,4,3,Glee Anselm
2024-07-10 12:24:09,831,stormtrooper,resistance,2,5,7,6,Quermia
2024-07-10 12:24:08,832,at-st,resistance,9,8,2,9,Aleen Minor
2024-07-10 12:24:07,833,x-wing,resistance,3,4,8,1,Eriadu
2024-07-10 12:24:06,834,stormtrooper,resistance,10,10,2,6,Skako
2024-07-10 12:24:05,835,at-st,resistance,5,9,3,7,Tatooine
2024-07-10 12:24:04,836,at-st,resistance,6,5,1,2,Quermia
2024-07-10 12:24:03,837,resistance_soldier,resistance,1,10,5,7,Sullust
2024-07-10 12:24:02,838,at-st,empire,5,4,5,8,Kashyyyk
2024-07-10 12:24:01,839,tie_fighter,resistance,10,9,3,8,Naboo
2024-07-10 12:24:00,840,at-at,empire,10,1,6,3,Dathomir
2024-07-10 12:23:59,841,at-st,resistance,6,4,2,8,Socorro
2024-07-10 12:23:58,842,tie_silencer,resistance,6,9,10,2,Concord Dawn
2024-07-10 12:23:57,843,stormtrooper,empire,10,4,5,6,Stewjon
2024-07-10 12:23:56,844,resistance_soldier,resistance,4,6,7,5,Corellia
2024-07-10 12:23:55,845,tie_silencer,empire,3,1,8,5,Tholoth
2024-07-10 12:23:54,846,tie_fighter,empire,1,7,8,9,Kalee
2024-07-10 12:23:53,847,at-st,empire,1,7,1,8,Ojom
2024-07-10 12:23:52,848,stormtrooper,empire,4,8,8,3,Eriadu
2024-07-10 12:23:51,849,stormtrooper,empire,10,4,2,9,Socorro
2024-07-10 12:23:50,850,tie_silencer,empire,2,8,4,3,Dagobah
2024-07-10 12:23:49,851,tie_silencer,empire,8,8,1,6,Ryloth
2024-07-10 12:23:48,852,at-st,resistance,9,7,3,1,Shili
2024-07-10 12:23:47,853,tie_fighter,resistance,3,1,4,3,Umbara
2024-07-10 12:23:46,854,stormtrooper,empire,1,10,7,6,Alderaan
2024-07-10 12:23:45,855,unknown,empire,1,9,5,3,Bestine IV
2024-07-10 12:23:44,856,tie_fighter,resistance,8,4,8,5,Tund
2024-07-10 12:23:43,857,stormtrooper,empire,8,5,1,2,Mon Cala
2024-07-10 12:23:42,858,tie_fighter,resistance,9,9,9,9,Dorin
2024-07-10 12:23:41,859,x-wing,resistance,1,8,5,9,Eriadu
2024-07-10 12:23:40,860,at-st,resistance,4,3,10,9,Troiken
2024-07-10 12:23:39,861,at-st,resistance,8,8,8,3,Dagobah
2024-07-10 12:23:38,862,tie_fighter,empire,1,1,9,1,Naboo
2024-07-10 12:23:37,863,unknown,empire,4,6,2,10,Iridonia
2024-07-10 12:23:36,864,unknown,empire,4,9,5,6,Tatooine
2024-07-10 12:23:35,865,stormtrooper,resistance,6,2,2,4,Vulpter
2024-07-10 12:23:34,866,at-st,empire,1,6,10,8,Bestine IV
2024-07-10 12:23:33,867,unknown,empire,10,2,9,10,Alderaan
2024-07-10 12:23:32,868,x-wing,empire,9,10,6,9,Bestine IV
2024-07-10 12:23:31,869,unknown,empire,3,8,2,5,Corellia
2024-07-10 12:23:30,870,resistance_soldier,resistance,1,2,2,4,Serenno
2024-07-10 12:23:29,871,tie_silencer,resistance,10,8,6,6,Ojom
2024-07-10 12:23:28,872,at-st,resistance,3,5,4,2,Kalee
2024-07-10 12:23:27,873,unknown,resistance,8,9,5,10,Glee Anselm
2024-07-10 12:23:26,874,tie_fighter,resistance,8,6,7,3,Mirial
2024-07-10 12:23:25,875,tie_silencer,resistance,1,9,10,4,Champala
2024-07-10 12:23:24,876,tie_fighter,empire,10,10,6,7,Bestine IV
2024-07-10 12:23:23,877,tie_silencer,empire,6,2,7,1,Mirial
2024-07-10 12:23:22,878,tie_fighter,empire,4,8,4,10,Shili
2024-07-10 12:23:21,879,x-wing,resistance,5,1,2,5,Vulpter
2024-07-10 12:23:20,880,stormtrooper,empire,3,6,7,2,Shili
2024-07-10 12:23:19,881,at-st,empire,10,5,1,5,Tund
2024-07-10 12:23:18,882,resistance_soldier,resistance,6,1,7,7,Kalee
2024-07-10 12:23:17,883,at-st,resistance,1,4,10,5,Zolan
2024-07-10 12:23:16,884,stormtrooper,resistance,6,10,10,4,Iridonia
2024-07-10 12:23:15,885,at-at,empire,9,2,4,6,Quermia
2024-07-10 12:23:14,886,stormtrooper,resistance,9,8,1,6,Quermia
2024-07-10 12:23:13,887,at-at,empire,4,9,8,6,Dagobah
2024-07-10 12:23:12,888,stormtrooper,empire,6,6,1,4,Toydaria
2024-07-10 12:23:11,889,stormtrooper,resistance,2,10,4,4,Muunilinst
2024-07-10 12:23:10,890,x-wing,empire,6,8,6,7,Ojom
2024-07-10 12:23:09,891,at-st,resistance,6,6,10,5,Shili
2024-07-10 12:23:08,892,tie_fighter,resistance,4,5,1,4,Ojom
2024-07-10 12:23:07,893,stormtrooper,empire,6,9,1,3,Mon Cala
2024-07-10 12:23:06,894,tie_fighter,empire,2,8,5,9,Kalee
2024-07-10 12:23:05,895,stormtrooper,resistance,3,8,10,8,Concord Dawn
2024-07-10 12:23:04,896,tie_fighter,resistance,7,8,4,2,Mirial
2024-07-10 12:23:03,897,resistance_soldier,empire,5,3,1,1,Chandrila
2024-07-10 12:23:02,898,at-st,resistance,10,5,3,1,Mon Cala
2024-07-10 12:23:01,899,unknown,resistance,4,1,1,8,Cerea
2024-07-10 12:23:00,900,at-st,empire,1,3,4,9,Bestine IV
2024-07-10 12:22:59,901,at-at,resistance,2,1,1,5,Trandosha
2024-07-10 12:22:58,902,stormtrooper,empire,3,4,3,8,Muunilinst
2024-07-10 12:22:57,903,tie_silencer,resistance,1,1,5,5,Quermia
2024-07-10 12:22:56,904,tie_fighter,empire,10,9,4,9,Haruun Kal
2024-07-10 12:22:55,905,at-at,empire,1,8,8,1,Stewjon
2024-07-10 12:22:54,906,at-at,resistance,2,10,5,10,Iridonia
2024-07-10 12:22:53,907,x-wing,resistance,1,8,2,7,Socorro
2024-07-10 12:22:52,908,resistance_soldier,resistance,3,6,8,4,Socorro
2024-07-10 12:22:51,909,resistance_soldier,resistance,5,3,1,4,Ojom
2024-07-10 12:22:50,910,tie_fighter,resistance,5,2,7,8,Tholoth
2024-07-10 12:22:49,911,at-st,empire,6,3,2,10,Kashyyyk
2024-07-10 12:22:48,912,unknown,empire,9,1,3,3,Tatooine
2024-07-10 12:22:47,913,tie_silencer,resistance,10,10,4,3,Umbara
2024-07-10 12:22:46,914,stormtrooper,resistance,4,3,6,10,Corellia
2024-07-10 12:22:45,915,tie_fighter,resistance,3,9,10,7,Rodia
2024-07-10 12:22:44,916,resistance_soldier,resistance,6,1,10,7,Vulpter
2024-07-10 12:22:43,917,unknown,empire,10,5,3,8,Ryloth
2024-07-10 12:22:42,918,tie_fighter,empire,8,6,4,5,Dathomir
2024-07-10 12:22:41,919,resistance_soldier,resistance,10,8,1,8,Ojom
2024-07-10 12:22:40,920,x-wing,empire,7,4,1,5,Toydaria
2024-07-10 12:22:39,921,unknown,empire,5,4,4,5,Malastare
2024-07-10 12:22:38,922,stormtrooper,resistance,2,3,9,3,Mon Cala
2024-07-10 12:22:37,923,unknown,empire,1,6,3,1,Quermia
2024-07-10 12:22:36,924,x-wing,empire,10,9,10,3,Concord Dawn
2024-07-10 12:22:35,925,tie_silencer,empire,9,9,6,6,Malastare
2024-07-10 12:22:34,926,at-at,empire,2,9,1,8,Stewjon
2024-07-10 12:22:33,927,at-st,empire,4,8,8,9,Concord Dawn
2024-07-10 12:22:32,928,resistance_soldier,empire,1,8,10,6,Umbara
2024-07-10 12:22:31,929,tie_fighter,resistance,6,4,10,4,Toydaria
2024-07-10 12:22:30,930,x-wing,resistance,5,6,2,6,Mirial
2024-07-10 12:22:29,931,at-st,resistance,6,9,10,10,Champala
2024-07-10 12:22:28,932,tie_silencer,resistance,1,5,7,3,Kalee
2024-07-10 12:22:27,933,resistance_soldier,empire,10,9,7,6,Naboo
2024-07-10 12:22:26,934,x-wing,empire,8,2,10,4,Iktotch
2024-07-10 12:22:25,935,at-at,resistance,6,10,4,9,Mirial
2024-07-10 12:22:24,936,tie_fighter,empire,5,5,9,6,Socorro
2024-07-10 12:22:23,937,x-wing,empire,3,6,2,8,Ojom
2024-07-10 12:22:22,938,stormtrooper,empire,5,10,5,9,Concord Dawn
2024-07-10 12:22:21,939,resistance_soldier,resistance,4,10,2,5,Eriadu
2024-07-10 12:22:20,940,at-st,empire,5,6,10,5,Stewjon
2024-07-10 12:22:19,941,at-st,empire,3,5,9,9,Bestine IV
2024-07-10 12:22:18,942,unknown,resistance,8,6,9,2,Rodia
2024-07-10 12:22:17,943,unknown,empire,6,2,8,1,Ojom
2024-07-10 12:22:16,944,x-wing,empire,9,6,5,10,Ojom
2024-07-10 12:22:15,945,stormtrooper,resistance,5,9,8,10,Kashyyyk
2024-07-10 12:22:14,946,tie_silencer,resistance,1,4,9,5,Concord Dawn
2024-07-10 12:22:13,947,at-st,resistance,8,2,4,1,Skako
2024-07-10 12:22:12,948,resistance_soldier,empire,5,4,8,1,Skako
2024-07-10 12:22:11,949,x-wing,resistance,2,7,3,6,Dorin
2024-07-10 12:22:10,950,at-at,resistance,2,5,10,8,Corellia
2024-07-10 12:22:09,951,tie_fighter,empire,1,1,10,7,Socorro
2024-07-10 12:22:08,952,unknown,resistance,9,3,1,7,Troiken
2024-07-10 12:22:07,953,stormtrooper,resistance,7,6,9,4,Umbara
2024-07-10 12:22:06,954,tie_fighter,empire,1,2,7,10,Socorro
2024-07-10 12:22:05,955,stormtrooper,empire,7,5,1,8,Dorin
2024-07-10 12:22:04,956,resistance_soldier,resistance,10,9,5,4,Naboo
2024-07-10 12:22:03,957,x-wing,empire,10,5,4,4,Aleen Minor
2024-07-10 12:22:02,958,unknown,empire,8,8,5,10,Sullust
2024-07-10 12:22:01,959,x-wing,resistance,4,8,3,7,Toydaria
2024-07-10 12:22:00,960,x-wing,empire,2,3,3,2,Shili
2024-07-10 12:21:59,961,at-at,empire,5,6,3,1,Kalee
2024-07-10 12:21:58,962,tie_silencer,empire,2,5,10,8,Dagobah
2024-07-10 12:21:57,963,x-wing,empire,8,2,7,7,Iridonia
2024-07-10 12:21:56,964,x-wing,resistance,5,5,7,3,Dagobah
2024-07-10 12:21:55,965,resistance_soldier,resistance,8,4,1,7,Serenno
2024-07-10 12:21:54,966,stormtrooper,empire,10,3,9,8,Iktotch
2024-07-10 12:21:53,967,x-wing,empire,9,3,8,6,Muunilinst
2024-07-10 12:21:52,968,stormtrooper,resistance,3,3,3,10,Champala
2024-07-10 12:21:51,969,at-st,resistance,8,3,9,8,Ryloth
2024-07-10 12:21:50,970,tie_fighter,resistance,10,6,3,5,Tatooine
2024-07-10 12:21:49,971,tie_silencer,empire,7,1,2,5,Aleen Minor
2024-07-10 12:21:48,972,at-at,empire,3,6,8,6,Quermia
2024-07-10 12:21:47,973,stormtrooper,resistance,1,4,6,6,Haruun Kal
2024-07-10 12:21:46,974,x-wing,resistance,5,9,5,3,Vulpter
2024-07-10 12:21:45,975,at-st,resistance,6,10,10,8,Serenno
2024-07-10 12:21:44,976,at-st,resistance,10,7,3,9,Aleen Minor
2024-07-10 12:21:43,977,tie_fighter,empire,3,9,5,7,Dagobah
2024-07-10 12:21:42,978,unknown,resistance,8,6,9,3,Dorin
2024-07-10 12:21:41,979,stormtrooper,resistance,2,4,3,6,Haruun Kal
2024-07-10 12:21:40,980,stormtrooper,resistance,8,10,6,5,Muunilinst
2024-07-10 12:21:39,981,stormtrooper,empire,6,4,1,10,Ojom
2024-07-10 12:21:38,982,at-st,empire,3,6,8,10,Chandrila
2024-07-10 12:21:37,983,resistance_soldier,empire,7,1,6,5,Sullust
2024-07-10 12:21:36,984,stormtrooper,empire,2,5,6,10,Mon Cala
2024-07-10 12:21:35,985,stormtrooper,resistance,1,9,5,5,Mon Cala
2024-07-10 12:21:34,986,tie_silencer,empire,9,8,4,10,Mon Cala
2024-07-10 12:21:33,987,x-wing,empire,10,2,7,4,Sullust
2024-07-10 12:21:32,988,at-at,empire,2,1,1,3,Dagobah
2024-07-10 12:21:31,989,at-at,resistance,4,1,7,9,Umbara
2024-07-10 12:21:30,990,x-wing,resistance,2,3,4,3,Trandosha
2024-07-10 12:21:29,991,unknown,resistance,2,1,5,7,Kalee
2024-07-10 12:21:28,992,stormtrooper,resistance,10,5,2,8,Umbara
2024-07-10 12:21:27,993,resistance_soldier,empire,1,2,3,6,Zolan
2024-07-10 12:21:26,994,unknown,resistance,8,1,8,7,Kashyyyk
2024-07-10 12:21:25,995,tie_fighter,empire,4,6,8,8,Vulpter
2024-07-10 12:21:24,996,at-at,empire,7,6,7,10,Chandrila
2024-07-10 12:21:23,997,unknown,empire,10,5,4,1,Umbara
2024-07-10 12:21:22,998,tie_fighter,empire,5,10,10,10,Sullust
2024-07-10 12:21:21,999,tie_fighter,resistance,5,2,7,5,Champala
2024-07-10 12:21:20,1000,at-st,empire,2,7,3,2,Rodia
